Kd_Kota,Kd_Provinsi,NamaKota,Created_at,Modified_at,Delete_at
1101,11,KABUPATEN SIMEULUE,2022-08-22 10:18:37.593060,,
1102,11,KABUPATEN ACEH SINGKIL,2022-08-22 10:18:37.593060,,
1103,11,KABUPATEN ACEH SELATAN,2022-08-22 10:18:37.593060,,
1104,11,KABUPATEN ACEH TENGGARA,2022-08-22 10:18:37.593060,,
1105,11,KABUPATEN ACEH TIMUR,2022-08-22 10:18:37.593060,,
1106,11,KABUPATEN ACEH TENGAH,2022-08-22 10:18:37.593060,,
1107,11,KABUPATEN ACEH BARAT,2022-08-22 10:18:37.593060,,
1108,11,KABUPATEN ACEH BESAR,2022-08-22 10:18:37.593060,,
1109,11,KABUPATEN PIDIE,2022-08-22 10:18:37.593060,,
1110,11,KABUPATEN BIREUEN,2022-08-22 10:18:37.593060,,
1111,11,KABUPATEN ACEH UTARA,2022-08-22 10:18:37.593060,,
1112,11,KABUPATEN ACEH BARAT DAYA,2022-08-22 10:18:37.593060,,
1113,11,KABUPATEN GAYO LUES,2022-08-22 10:18:37.593060,,
1114,11,KABUPATEN ACEH TAMIANG,2022-08-22 10:18:37.593060,,
1115,11,KABUPATEN NAGAN RAYA,2022-08-22 10:18:37.593060,,
1116,11,KABUPATEN ACEH JAYA,2022-08-22 10:18:37.593060,,
1117,11,KABUPATEN BENER MERIAH,2022-08-22 10:18:37.593060,,
1118,11,KABUPATEN PIDIE JAYA,2022-08-22 10:18:37.593060,,
1171,11,KOTA BANDA ACEH,2022-08-22 10:18:37.593060,,
1172,11,KOTA SABANG,2022-08-22 10:18:37.593060,,
1173,11,KOTA LANGSA,2022-08-22 10:18:37.593060,,
1174,11,KOTA LHOKSEUMAWE,2022-08-22 10:18:37.593060,,
1175,11,KOTA SUBULUSSALAM,2022-08-22 10:18:37.593060,,
1201,12,KABUPATEN NIAS,2022-08-22 10:18:37.593060,,
1202,12,KABUPATEN MANDAILING NATAL,2022-08-22 10:18:37.593060,,
1203,12,KABUPATEN TAPANULI SELATAN,2022-08-22 10:18:37.593060,,
1204,12,KABUPATEN TAPANULI TENGAH,2022-08-22 10:18:37.593060,,
1205,12,KABUPATEN TAPANULI UTARA,2022-08-22 10:18:37.593060,,
1206,12,KABUPATEN TOBA SAMOSIR,2022-08-22 10:18:37.593060,,
1207,12,KABUPATEN LABUHAN BATU,2022-08-22 10:18:37.593060,,
1208,12,KABUPATEN ASAHAN,2022-08-22 10:18:37.593060,,
1209,12,KABUPATEN SIMALUNGUN,2022-08-22 10:18:37.593060,,
1210,12,KABUPATEN DAIRI,2022-08-22 10:18:37.593060,,
1211,12,KABUPATEN KARO,2022-08-22 10:18:37.593060,,
1212,12,KABUPATEN DELI SERDANG,2022-08-22 10:18:37.593060,,
1213,12,KABUPATEN LANGKAT,2022-08-22 10:18:37.593060,,
1214,12,KABUPATEN NIAS SELATAN,2022-08-22 10:18:37.593060,,
1215,12,KABUPATEN HUMBANG HASUNDUTAN,2022-08-22 10:18:37.593060,,
1216,12,KABUPATEN PAKPAK BHARAT,2022-08-22 10:18:37.593060,,
1217,12,KABUPATEN SAMOSIR,2022-08-22 10:18:37.593060,,
1218,12,KABUPATEN SERDANG BEDAGAI,2022-08-22 10:18:37.593060,,
1219,12,KABUPATEN BATU BARA,2022-08-22 10:18:37.593060,,
1220,12,KABUPATEN PADANG LAWAS UTARA,2022-08-22 10:18:37.593060,,
1221,12,KABUPATEN PADANG LAWAS,2022-08-22 10:18:37.593060,,
1222,12,KABUPATEN LABUHAN BATU SELATAN,2022-08-22 10:18:37.593060,,
1223,12,KABUPATEN LABUHAN BATU UTARA,2022-08-22 10:18:37.593060,,
1224,12,KABUPATEN NIAS UTARA,2022-08-22 10:18:37.593060,,
1225,12,KABUPATEN NIAS BARAT,2022-08-22 10:18:37.593060,,
1271,12,KOTA SIBOLGA,2022-08-22 10:18:37.593060,,
1272,12,KOTA TANJUNG BALAI,2022-08-22 10:18:37.593060,,
1273,12,KOTA PEMATANG SIANTAR,2022-08-22 10:18:37.593060,,
1274,12,KOTA TEBING TINGGI,2022-08-22 10:18:37.593060,,
1275,12,KOTA MEDAN,2022-08-22 10:18:37.593060,,
1276,12,KOTA BINJAI,2022-08-22 10:18:37.593060,,
1277,12,KOTA PADANGSIDIMPUAN,2022-08-22 10:18:37.593060,,
1278,12,KOTA GUNUNGSITOLI,2022-08-22 10:18:37.593060,,
1301,13,KABUPATEN KEPULAUAN MENTAWAI,2022-08-22 10:18:37.593060,,
1302,13,KABUPATEN PESISIR SELATAN,2022-08-22 10:18:37.593060,,
1303,13,KABUPATEN SOLOK,2022-08-22 10:18:37.593060,,
1304,13,KABUPATEN SIJUNJUNG,2022-08-22 10:18:37.593060,,
1305,13,KABUPATEN TANAH DATAR,2022-08-22 10:18:37.593060,,
1306,13,KABUPATEN PADANG PARIAMAN,2022-08-22 10:18:37.593060,,
1307,13,KABUPATEN AGAM,2022-08-22 10:18:37.593060,,
1308,13,KABUPATEN LIMA PULUH KOTA,2022-08-22 10:18:37.593060,,
1309,13,KABUPATEN PASAMAN,2022-08-22 10:18:37.593060,,
1310,13,KABUPATEN SOLOK SELATAN,2022-08-22 10:18:37.593060,,
1311,13,KABUPATEN DHARMASRAYA,2022-08-22 10:18:37.593060,,
1312,13,KABUPATEN PASAMAN BARAT,2022-08-22 10:18:37.593060,,
1371,13,KOTA PADANG,2022-08-22 10:18:37.593060,,
1372,13,KOTA SOLOK,2022-08-22 10:18:37.593060,,
1373,13,KOTA SAWAH LUNTO,2022-08-22 10:18:37.593060,,
1374,13,KOTA PADANG PANJANG,2022-08-22 10:18:37.593060,,
1375,13,KOTA BUKITTINGGI,2022-08-22 10:18:37.593060,,
1376,13,KOTA PAYAKUMBUH,2022-08-22 10:18:37.593060,,
1377,13,KOTA PARIAMAN,2022-08-22 10:18:37.593060,,
1401,14,KABUPATEN KUANTAN SINGINGI,2022-08-22 10:18:37.593060,,
1402,14,KABUPATEN INDRAGIRI HULU,2022-08-22 10:18:37.593060,,
1403,14,KABUPATEN INDRAGIRI HILIR,2022-08-22 10:18:37.593060,,
1404,14,KABUPATEN PELALAWAN,2022-08-22 10:18:37.593060,,
1405,14,KABUPATEN S I A K,2022-08-22 10:18:37.593060,,
1406,14,KABUPATEN KAMPAR,2022-08-22 10:18:37.593060,,
1407,14,KABUPATEN ROKAN HULU,2022-08-22 10:18:37.593060,,
1408,14,KABUPATEN BENGKALIS,2022-08-22 10:18:37.593060,,
1409,14,KABUPATEN ROKAN HILIR,2022-08-22 10:18:37.593060,,
1410,14,KABUPATEN KEPULAUAN MERANTI,2022-08-22 10:18:37.593060,,
1471,14,KOTA PEKANBARU,2022-08-22 10:18:37.593060,,
1473,14,KOTA D U M A I,2022-08-22 10:18:37.593060,,
1501,15,KABUPATEN KERINCI,2022-08-22 10:18:37.593060,,
1502,15,KABUPATEN MERANGIN,2022-08-22 10:18:37.593060,,
1503,15,KABUPATEN SAROLANGUN,2022-08-22 10:18:37.593060,,
1504,15,KABUPATEN BATANG HARI,2022-08-22 10:18:37.593060,,
1505,15,KABUPATEN MUARO JAMBI,2022-08-22 10:18:37.593060,,
1506,15,KABUPATEN TANJUNG JABUNG TIMUR,2022-08-22 10:18:37.593060,,
1507,15,KABUPATEN TANJUNG JABUNG BARAT,2022-08-22 10:18:37.593060,,
1508,15,KABUPATEN TEBO,2022-08-22 10:18:37.593060,,
1509,15,KABUPATEN BUNGO,2022-08-22 10:18:37.593060,,
1571,15,KOTA JAMBI,2022-08-22 10:18:37.593060,,
1572,15,KOTA SUNGAI PENUH,2022-08-22 10:18:37.593060,,
1601,16,KABUPATEN OGAN KOMERING ULU,2022-08-22 10:18:37.593060,,
1602,16,KABUPATEN OGAN KOMERING ILIR,2022-08-22 10:18:37.593060,,
1603,16,KABUPATEN MUARA ENIM,2022-08-22 10:18:37.593060,,
1604,16,KABUPATEN LAHAT,2022-08-22 10:18:37.593060,,
1605,16,KABUPATEN MUSI RAWAS,2022-08-22 10:18:37.593060,,
1606,16,KABUPATEN MUSI BANYUASIN,2022-08-22 10:18:37.593060,,
1607,16,KABUPATEN BANYU ASIN,2022-08-22 10:18:37.593060,,
1608,16,KABUPATEN OGAN KOMERING ULU SELATAN,2022-08-22 10:18:37.593060,,
1609,16,KABUPATEN OGAN KOMERING ULU TIMUR,2022-08-22 10:18:37.593060,,
1610,16,KABUPATEN OGAN ILIR,2022-08-22 10:18:37.593060,,
1611,16,KABUPATEN EMPAT LAWANG,2022-08-22 10:18:37.593060,,
1612,16,KABUPATEN PENUKAL ABAB LEMATANG ILIR,2022-08-22 10:18:37.593060,,
1613,16,KABUPATEN MUSI RAWAS UTARA,2022-08-22 10:18:37.593060,,
1671,16,KOTA PALEMBANG,2022-08-22 10:18:37.593060,,
1672,16,KOTA PRABUMULIH,2022-08-22 10:18:37.593060,,
1673,16,KOTA PAGAR ALAM,2022-08-22 10:18:37.593060,,
1674,16,KOTA LUBUKLINGGAU,2022-08-22 10:18:37.593060,,
1701,17,KABUPATEN BENGKULU SELATAN,2022-08-22 10:18:37.593060,,
1702,17,KABUPATEN REJANG LEBONG,2022-08-22 10:18:37.593060,,
1703,17,KABUPATEN BENGKULU UTARA,2022-08-22 10:18:37.593060,,
1704,17,KABUPATEN KAUR,2022-08-22 10:18:37.593060,,
1705,17,KABUPATEN SELUMA,2022-08-22 10:18:37.593060,,
1706,17,KABUPATEN MUKOMUKO,2022-08-22 10:18:37.593060,,
1707,17,KABUPATEN LEBONG,2022-08-22 10:18:37.593060,,
1708,17,KABUPATEN KEPAHIANG,2022-08-22 10:18:37.593060,,
1709,17,KABUPATEN BENGKULU TENGAH,2022-08-22 10:18:37.593060,,
1771,17,KOTA BENGKULU,2022-08-22 10:18:37.593060,,
1801,18,KABUPATEN LAMPUNG BARAT,2022-08-22 10:18:37.593060,,
1802,18,KABUPATEN TANGGAMUS,2022-08-22 10:18:37.593060,,
1803,18,KABUPATEN LAMPUNG SELATAN,2022-08-22 10:18:37.593060,,
1804,18,KABUPATEN LAMPUNG TIMUR,2022-08-22 10:18:37.593060,,
1805,18,KABUPATEN LAMPUNG TENGAH,2022-08-22 10:18:37.593060,,
1806,18,KABUPATEN LAMPUNG UTARA,2022-08-22 10:18:37.593060,,
1807,18,KABUPATEN WAY KANAN,2022-08-22 10:18:37.593060,,
1808,18,KABUPATEN TULANGBAWANG,2022-08-22 10:18:37.593060,,
1809,18,KABUPATEN PESAWARAN,2022-08-22 10:18:37.593060,,
1810,18,KABUPATEN PRINGSEWU,2022-08-22 10:18:37.593060,,
1811,18,KABUPATEN MESUJI,2022-08-22 10:18:37.593060,,
1812,18,KABUPATEN TULANG BAWANG BARAT,2022-08-22 10:18:37.593060,,
1813,18,KABUPATEN PESISIR BARAT,2022-08-22 10:18:37.593060,,
1871,18,KOTA BANDAR LAMPUNG,2022-08-22 10:18:37.593060,,
1872,18,KOTA METRO,2022-08-22 10:18:37.593060,,
1901,19,KABUPATEN BANGKA,2022-08-22 10:18:37.593060,,
1902,19,KABUPATEN BELITUNG,2022-08-22 10:18:37.593060,,
1903,19,KABUPATEN BANGKA BARAT,2022-08-22 10:18:37.593060,,
1904,19,KABUPATEN BANGKA TENGAH,2022-08-22 10:18:37.593060,,
1905,19,KABUPATEN BANGKA SELATAN,2022-08-22 10:18:37.593060,,
1906,19,KABUPATEN BELITUNG TIMUR,2022-08-22 10:18:37.593060,,
1971,19,KOTA PANGKAL PINANG,2022-08-22 10:18:37.593060,,
2101,21,KABUPATEN KARIMUN,2022-08-22 10:18:37.593060,,
2102,21,KABUPATEN BINTAN,2022-08-22 10:18:37.593060,,
2103,21,KABUPATEN NATUNA,2022-08-22 10:18:37.593060,,
2104,21,KABUPATEN LINGGA,2022-08-22 10:18:37.593060,,
2105,21,KABUPATEN KEPULAUAN ANAMBAS,2022-08-22 10:18:37.593060,,
2171,21,KOTA B A T A M,2022-08-22 10:18:37.593060,,
2172,21,KOTA TANJUNG PINANG,2022-08-22 10:18:37.593060,,
3101,31,KABUPATEN KEPULAUAN SERIBU,2022-08-22 10:18:37.593060,,
3171,31,KOTA JAKARTA SELATAN,2022-08-22 10:18:37.593060,,
3172,31,KOTA JAKARTA TIMUR,2022-08-22 10:18:37.593060,,
3173,31,KOTA JAKARTA PUSAT,2022-08-22 10:18:37.593060,,
3174,31,KOTA JAKARTA BARAT,2022-08-22 10:18:37.593060,,
3175,31,KOTA JAKARTA UTARA,2022-08-22 10:18:37.593060,,
3201,32,KABUPATEN BOGOR,2022-08-22 10:18:37.593060,,
3202,32,KABUPATEN SUKABUMI,2022-08-22 10:18:37.593060,,
3203,32,KABUPATEN CIANJUR,2022-08-22 10:18:37.593060,,
3204,32,KABUPATEN BANDUNG,2022-08-22 10:18:37.593060,,
3205,32,KABUPATEN GARUT,2022-08-22 10:18:37.593060,,
3206,32,KABUPATEN TASIKMALAYA,2022-08-22 10:18:37.593060,,
3207,32,KABUPATEN CIAMIS,2022-08-22 10:18:37.593060,,
3208,32,KABUPATEN KUNINGAN,2022-08-22 10:18:37.593060,,
3209,32,KABUPATEN CIREBON,2022-08-22 10:18:37.593060,,
3210,32,KABUPATEN MAJALENGKA,2022-08-22 10:18:37.593060,,
3211,32,KABUPATEN SUMEDANG,2022-08-22 10:18:37.593060,,
3212,32,KABUPATEN INDRAMAYU,2022-08-22 10:18:37.593060,,
3213,32,KABUPATEN SUBANG,2022-08-22 10:18:37.593060,,
3214,32,KABUPATEN PURWAKARTA,2022-08-22 10:18:37.593060,,
3215,32,KABUPATEN KARAWANG,2022-08-22 10:18:37.593060,,
3216,32,KABUPATEN BEKASI,2022-08-22 10:18:37.593060,,
3217,32,KABUPATEN BANDUNG BARAT,2022-08-22 10:18:37.593060,2022-11-04 17:43:04.822000,
3218,32,KABUPATEN PANGANDARAN,2022-08-22 10:18:37.593060,,
3271,32,KOTA BOGOR,2022-08-22 10:18:37.593060,,
3272,32,KOTA SUKABUMI,2022-08-22 10:18:37.593060,,
3273,32,KOTA BANDUNG,2022-08-22 10:18:37.593060,,
3274,32,KOTA CIREBON,2022-08-22 10:18:37.593060,,
3275,32,KOTA BEKASI,2022-08-22 10:18:37.593060,,
3276,32,KOTA DEPOK,2022-08-22 10:18:37.593060,,
3277,32,KOTA CIMAHI,2022-08-22 10:18:37.593060,,
3278,32,KOTA TASIKMALAYA,2022-08-22 10:18:37.593060,,
3279,32,KOTA BANJAR,2022-08-22 10:18:37.593060,,
3301,33,KABUPATEN CILACAP,2022-08-22 10:18:37.593060,,
3302,33,KABUPATEN BANYUMAS,2022-08-22 10:18:37.593060,,
3303,33,KABUPATEN PURBALINGGA,2022-08-22 10:18:37.593060,,
3304,33,KABUPATEN BANJARNEGARA,2022-08-22 10:18:37.593060,,
3305,33,KABUPATEN KEBUMEN,2022-08-22 10:18:37.593060,,
3306,33,KABUPATEN PURWOREJO,2022-08-22 10:18:37.593060,,
3307,33,KABUPATEN WONOSOBO,2022-08-22 10:18:37.593060,,
3308,33,KABUPATEN MAGELANG,2022-08-22 10:18:37.593060,,
3309,33,KABUPATEN BOYOLALI,2022-08-22 10:18:37.593060,,
3310,33,KABUPATEN KLATEN,2022-08-22 10:18:37.593060,,
3311,33,KABUPATEN SUKOHARJO,2022-08-22 10:18:37.593060,,
3312,33,KABUPATEN WONOGIRI,2022-08-22 10:18:37.593060,,
3313,33,KABUPATEN KARANGANYAR,2022-08-22 10:18:37.593060,,
3314,33,KABUPATEN SRAGEN,2022-08-22 10:18:37.593060,,
3315,33,KABUPATEN GROBOGAN,2022-08-22 10:18:37.593060,,
3316,33,KABUPATEN BLORA,2022-08-22 10:18:37.593060,,
3317,33,KABUPATEN REMBANG,2022-08-22 10:18:37.593060,,
3318,33,KABUPATEN PATI,2022-08-22 10:18:37.593060,,
3319,33,KABUPATEN KUDUS,2022-08-22 10:18:37.593060,,
3320,33,KABUPATEN JEPARA,2022-08-22 10:18:37.593060,,
3321,33,KABUPATEN DEMAK,2022-08-22 10:18:37.593060,,
3322,33,KABUPATEN SEMARANG,2022-08-22 10:18:37.593060,,
3323,33,KABUPATEN TEMANGGUNG,2022-08-22 10:18:37.593060,,
3324,33,KABUPATEN KENDAL,2022-08-22 10:18:37.593060,,
3325,33,KABUPATEN BATANG,2022-08-22 10:18:37.593060,,
3326,33,KABUPATEN PEKALONGAN,2022-08-22 10:18:37.593060,,
3327,33,KABUPATEN PEMALANG,2022-08-22 10:18:37.593060,,
3328,33,KABUPATEN TEGAL,2022-08-22 10:18:37.593060,,
3329,33,KABUPATEN BREBES,2022-08-22 10:18:37.593060,,
3371,33,KOTA MAGELANG,2022-08-22 10:18:37.593060,,
3372,33,KOTA SURAKARTA,2022-08-22 10:18:37.593060,,
3373,33,KOTA SALATIGA,2022-08-22 10:18:37.593060,,
3374,33,KOTA SEMARANG,2022-08-22 10:18:37.593060,,
3375,33,KOTA PEKALONGAN,2022-08-22 10:18:37.593060,,
3376,33,KOTA TEGAL,2022-08-22 10:18:37.593060,,
339,33,Luar Negeri,2022-09-09 20:05:30.798000,2022-09-09 20:05:30.798000,
3401,34,KABUPATEN KULON PROGO,2022-08-22 10:18:37.593060,,
3402,34,KABUPATEN BANTUL,2022-08-22 10:18:37.593060,,
3403,34,KABUPATEN GUNUNG KIDUL,2022-08-22 10:18:37.593060,,
3404,34,KABUPATEN SLEMAN,2022-08-22 10:18:37.593060,,
3471,34,KOTA YOGYAKARTA,2022-08-22 10:18:37.593060,,
3501,35,KABUPATEN PACITAN,2022-08-22 10:18:37.593060,,
3502,35,KABUPATEN PONOROGO,2022-08-22 10:18:37.593060,,
3503,35,KABUPATEN TRENGGALEK,2022-08-22 10:18:37.593060,,
3504,35,KABUPATEN TULUNGAGUNG,2022-08-22 10:18:37.593060,,
3505,35,KABUPATEN BLITAR,2022-08-22 10:18:37.593060,,
3506,35,KABUPATEN KEDIRI,2022-08-22 10:18:37.593060,,
3507,35,KABUPATEN MALANG,2022-08-22 10:18:37.593060,,
3508,35,KABUPATEN LUMAJANG,2022-08-22 10:18:37.593060,,
3509,35,KABUPATEN JEMBER,2022-08-22 10:18:37.593060,,
3510,35,KABUPATEN BANYUWANGI,2022-08-22 10:18:37.593060,,
3511,35,KABUPATEN BONDOWOSO,2022-08-22 10:18:37.593060,,
3512,35,KABUPATEN SITUBONDO,2022-08-22 10:18:37.593060,,
3513,35,KABUPATEN PROBOLINGGO,2022-08-22 10:18:37.593060,,
3514,35,KABUPATEN PASURUAN,2022-08-22 10:18:37.593060,,
3515,35,KABUPATEN SIDOARJO,2022-08-22 10:18:37.593060,,
3516,35,KABUPATEN MOJOKERTO,2022-08-22 10:18:37.593060,,
3517,35,KABUPATEN JOMBANG,2022-08-22 10:18:37.593060,,
3518,35,KABUPATEN NGANJUK,2022-08-22 10:18:37.593060,,
3519,35,KABUPATEN MADIUN,2022-08-22 10:18:37.593060,,
3520,35,KABUPATEN MAGETAN,2022-08-22 10:18:37.593060,,
3521,35,KABUPATEN NGAWI,2022-08-22 10:18:37.593060,,
3522,35,KABUPATEN BOJONEGORO,2022-08-22 10:18:37.593060,,
3523,35,KABUPATEN TUBAN,2022-08-22 10:18:37.593060,,
3524,35,KABUPATEN LAMONGAN,2022-08-22 10:18:37.593060,,
3525,35,KABUPATEN GRESIK,2022-08-22 10:18:37.593060,,
3526,35,KABUPATEN BANGKALAN,2022-08-22 10:18:37.593060,,
3527,35,KABUPATEN SAMPANG,2022-08-22 10:18:37.593060,,
3528,35,KABUPATEN PAMEKASAN,2022-08-22 10:18:37.593060,,
3529,35,KABUPATEN SUMENEP,2022-08-22 10:18:37.593060,,
3571,35,KOTA KEDIRI,2022-08-22 10:18:37.593060,,
3572,35,KOTA BLITAR,2022-08-22 10:18:37.593060,,
3573,35,KOTA MALANG,2022-08-22 10:18:37.593060,,
3574,35,KOTA PROBOLINGGO,2022-08-22 10:18:37.593060,,
3575,35,KOTA PASURUAN,2022-08-22 10:18:37.593060,,
3576,35,KOTA MOJOKERTO,2022-08-22 10:18:37.593060,,
3577,35,KOTA MADIUN,2022-08-22 10:18:37.593060,,
3578,35,KOTA SURABAYA,2022-08-22 10:18:37.593060,,
3579,35,KOTA BATU,2022-08-22 10:18:37.593060,,
3601,36,KABUPATEN PANDEGLANG,2022-08-22 10:18:37.593060,,
3602,36,KABUPATEN LEBAK,2022-08-22 10:18:37.593060,,
3603,36,KABUPATEN TANGERANG,2022-08-22 10:18:37.593060,,
3604,36,KABUPATEN SERANG,2022-08-22 10:18:37.593060,,
3671,36,KOTA TANGERANG,2022-08-22 10:18:37.593060,,
3672,36,KOTA CILEGON,2022-08-22 10:18:37.593060,,
3673,36,KOTA SERANG,2022-08-22 10:18:37.593060,,
3674,36,KOTA TANGERANG SELATAN,2022-08-22 10:18:37.593060,,
5101,51,KABUPATEN JEMBRANA,2022-08-22 10:18:37.593060,,
5102,51,KABUPATEN TABANAN,2022-08-22 10:18:37.593060,,
5103,51,KABUPATEN BADUNG,2022-08-22 10:18:37.593060,,
5104,51,KABUPATEN GIANYAR,2022-08-22 10:18:37.593060,,
5105,51,KABUPATEN KLUNGKUNG,2022-08-22 10:18:37.593060,,
5106,51,KABUPATEN BANGLI,2022-08-22 10:18:37.593060,,
5107,51,KABUPATEN KARANG ASEM,2022-08-22 10:18:37.593060,,
5108,51,KABUPATEN BULELENG,2022-08-22 10:18:37.593060,,
5171,51,KOTA DENPASAR,2022-08-22 10:18:37.593060,,
5201,52,KABUPATEN LOMBOK BARAT,2022-08-22 10:18:37.593060,,
5202,52,KABUPATEN LOMBOK TENGAH,2022-08-22 10:18:37.593060,,
5203,52,KABUPATEN LOMBOK TIMUR,2022-08-22 10:18:37.593060,,
5204,52,KABUPATEN SUMBAWA,2022-08-22 10:18:37.593060,,
5205,52,KABUPATEN DOMPU,2022-08-22 10:18:37.593060,,
5206,52,KABUPATEN BIMA,2022-08-22 10:18:37.593060,,
5207,52,KABUPATEN SUMBAWA BARAT,2022-08-22 10:18:37.593060,,
5208,52,KABUPATEN LOMBOK UTARA,2022-08-22 10:18:37.593060,,
5271,52,KOTA MATARAM,2022-08-22 10:18:37.593060,,
5272,52,KOTA BIMA,2022-08-22 10:18:37.593060,,
5301,53,KABUPATEN SUMBA BARAT,2022-08-22 10:18:37.593060,,
5302,53,KABUPATEN SUMBA TIMUR,2022-08-22 10:18:37.593060,,
5303,53,KABUPATEN KUPANG,2022-08-22 10:18:37.593060,,
5304,53,KABUPATEN TIMOR TENGAH SELATAN,2022-08-22 10:18:37.593060,,
5305,53,KABUPATEN TIMOR TENGAH UTARA,2022-08-22 10:18:37.593060,,
5306,53,KABUPATEN BELU,2022-08-22 10:18:37.593060,,
5307,53,KABUPATEN ALOR,2022-08-22 10:18:37.593060,,
5308,53,KABUPATEN LEMBATA,2022-08-22 10:18:37.593060,,
5309,53,KABUPATEN FLORES TIMUR,2022-08-22 10:18:37.593060,,
5310,53,KABUPATEN SIKKA,2022-08-22 10:18:37.593060,,
5311,53,KABUPATEN ENDE,2022-08-22 10:18:37.593060,,
5312,53,KABUPATEN NGADA,2022-08-22 10:18:37.593060,,
5313,53,KABUPATEN MANGGARAI,2022-08-22 10:18:37.593060,,
5314,53,KABUPATEN ROTE NDAO,2022-08-22 10:18:37.593060,,
5315,53,KABUPATEN MANGGARAI BARAT,2022-08-22 10:18:37.593060,,
5316,53,KABUPATEN SUMBA TENGAH,2022-08-22 10:18:37.593060,,
5317,53,KABUPATEN SUMBA BARAT DAYA,2022-08-22 10:18:37.593060,,
5318,53,KABUPATEN NAGEKEO,2022-08-22 10:18:37.593060,,
5319,53,KABUPATEN MANGGARAI TIMUR,2022-08-22 10:18:37.593060,,
5320,53,KABUPATEN SABU RAIJUA,2022-08-22 10:18:37.593060,,
5321,53,KABUPATEN MALAKA,2022-08-22 10:18:37.593060,,
5371,53,KOTA KUPANG,2022-08-22 10:18:37.593060,,
6101,61,KABUPATEN SAMBAS,2022-08-22 10:18:37.593060,,
6102,61,KABUPATEN BENGKAYANG,2022-08-22 10:18:37.593060,,
6103,61,KABUPATEN LANDAK,2022-08-22 10:18:37.593060,,
6104,61,KABUPATEN MEMPAWAH,2022-08-22 10:18:37.593060,,
6105,61,KABUPATEN SANGGAU,2022-08-22 10:18:37.593060,,
6106,61,KABUPATEN KETAPANG,2022-08-22 10:18:37.593060,,
6107,61,KABUPATEN SINTANG,2022-08-22 10:18:37.593060,,
6108,61,KABUPATEN KAPUAS HULU,2022-08-22 10:18:37.593060,,
6109,61,KABUPATEN SEKADAU,2022-08-22 10:18:37.593060,,
6110,61,KABUPATEN MELAWI,2022-08-22 10:18:37.593060,,
6111,61,KABUPATEN KAYONG UTARA,2022-08-22 10:18:37.593060,,
6112,61,KABUPATEN KUBU RAYA,2022-08-22 10:18:37.593060,,
6171,61,KOTA PONTIANAK,2022-08-22 10:18:37.593060,,
6172,61,KOTA SINGKAWANG,2022-08-22 10:18:37.593060,,
6201,62,KABUPATEN KOTAWARINGIN BARAT,2022-08-22 10:18:37.593060,,
6202,62,KABUPATEN KOTAWARINGIN TIMUR,2022-08-22 10:18:37.593060,,
6203,62,KABUPATEN KAPUAS,2022-08-22 10:18:37.593060,,
6204,62,KABUPATEN BARITO SELATAN,2022-08-22 10:18:37.593060,,
6205,62,KABUPATEN BARITO UTARA,2022-08-22 10:18:37.593060,,
6206,62,KABUPATEN SUKAMARA,2022-08-22 10:18:37.593060,,
6207,62,KABUPATEN LAMANDAU,2022-08-22 10:18:37.593060,,
6208,62,KABUPATEN SERUYAN,2022-08-22 10:18:37.593060,,
6209,62,KABUPATEN KATINGAN,2022-08-22 10:18:37.593060,,
6210,62,KABUPATEN PULANG PISAU,2022-08-22 10:18:37.593060,,
6211,62,KABUPATEN GUNUNG MAS,2022-08-22 10:18:37.593060,,
6212,62,KABUPATEN BARITO TIMUR,2022-08-22 10:18:37.593060,,
6213,62,KABUPATEN MURUNG RAYA,2022-08-22 10:18:37.593060,,
6271,62,KOTA PALANGKA RAYA,2022-08-22 10:18:37.593060,,
6301,63,KABUPATEN TANAH LAUT,2022-08-22 10:18:37.593060,,
6302,63,KABUPATEN KOTA BARU,2022-08-22 10:18:37.593060,,
6303,63,KABUPATEN BANJAR,2022-08-22 10:18:37.593060,,
6304,63,KABUPATEN BARITO KUALA,2022-08-22 10:18:37.593060,,
6305,63,KABUPATEN TAPIN,2022-08-22 10:18:37.593060,,
6306,63,KABUPATEN HULU SUNGAI SELATAN,2022-08-22 10:18:37.593060,,
6307,63,KABUPATEN HULU SUNGAI TENGAH,2022-08-22 10:18:37.593060,,
6308,63,KABUPATEN HULU SUNGAI UTARA,2022-08-22 10:18:37.593060,,
6309,63,KABUPATEN TABALONG,2022-08-22 10:18:37.593060,,
6310,63,KABUPATEN TANAH BUMBU,2022-08-22 10:18:37.593060,,
6311,63,KABUPATEN BALANGAN,2022-08-22 10:18:37.593060,,
6371,63,KOTA BANJARMASIN,2022-08-22 10:18:37.593060,,
6372,63,KOTA BANJAR BARU,2022-08-22 10:18:37.593060,,
6401,64,KABUPATEN PASER,2022-08-22 10:18:37.593060,,
6402,64,KABUPATEN KUTAI BARAT,2022-08-22 10:18:37.593060,,
6403,64,KABUPATEN KUTAI KARTANEGARA,2022-08-22 10:18:37.593060,,
6404,64,KABUPATEN KUTAI TIMUR,2022-08-22 10:18:37.593060,,
6405,64,KABUPATEN BERAU,2022-08-22 10:18:37.593060,,
6409,64,KABUPATEN PENAJAM PASER UTARA,2022-08-22 10:18:37.593060,,
6411,64,KABUPATEN MAHAKAM HULU,2022-08-22 10:18:37.593060,,
6471,64,KOTA BALIKPAPAN,2022-08-22 10:18:37.593060,,
6472,64,KOTA SAMARINDA,2022-08-22 10:18:37.593060,,
6474,64,KOTA BONTANG,2022-08-22 10:18:37.593060,,
6501,65,KABUPATEN MALINAU,2022-08-22 10:18:37.593060,,
6502,65,KABUPATEN BULUNGAN,2022-08-22 10:18:37.593060,,
6503,65,KABUPATEN TANA TIDUNG,2022-08-22 10:18:37.593060,,
6504,65,KABUPATEN NUNUKAN,2022-08-22 10:18:37.593060,,
6571,65,KOTA TARAKAN,2022-08-22 10:18:37.593060,,
7101,71,KABUPATEN BOLAANG MONGONDOW,2022-08-22 10:18:37.593060,,
7102,71,KABUPATEN MINAHASA,2022-08-22 10:18:37.593060,,
7103,71,KABUPATEN KEPULAUAN SANGIHE,2022-08-22 10:18:37.593060,,
7104,71,KABUPATEN KEPULAUAN TALAUD,2022-08-22 10:18:37.593060,,
7105,71,KABUPATEN MINAHASA SELATAN,2022-08-22 10:18:37.593060,,
7106,71,KABUPATEN MINAHASA UTARA,2022-08-22 10:18:37.593060,,
7107,71,KABUPATEN BOLAANG MONGONDOW UTARA,2022-08-22 10:18:37.593060,,
7108,71,KABUPATEN SIAU TAGULANDANG BIARO,2022-08-22 10:18:37.593060,,
7109,71,KABUPATEN MINAHASA TENGGARA,2022-08-22 10:18:37.593060,,
7110,71,KABUPATEN BOLAANG MONGONDOW SELATAN,2022-08-22 10:18:37.593060,,
7111,71,KABUPATEN BOLAANG MONGONDOW TIMUR,2022-08-22 10:18:37.593060,,
7171,71,KOTA MANADO,2022-08-22 10:18:37.593060,,
7172,71,KOTA BITUNG,2022-08-22 10:18:37.593060,,
7173,71,KOTA TOMOHON,2022-08-22 10:18:37.593060,,
7174,71,KOTA KOTAMOBAGU,2022-08-22 10:18:37.593060,,
7201,72,KABUPATEN BANGGAI KEPULAUAN,2022-08-22 10:18:37.593060,,
7202,72,KABUPATEN BANGGAI,2022-08-22 10:18:37.593060,,
7203,72,KABUPATEN MOROWALI,2022-08-22 10:18:37.593060,,
7204,72,KABUPATEN POSO,2022-08-22 10:18:37.593060,,
7205,72,KABUPATEN DONGGALA,2022-08-22 10:18:37.593060,,
7206,72,KABUPATEN TOLI-TOLI,2022-08-22 10:18:37.593060,,
7207,72,KABUPATEN BUOL,2022-08-22 10:18:37.593060,,
7208,72,KABUPATEN PARIGI MOUTONG,2022-08-22 10:18:37.593060,,
7209,72,KABUPATEN TOJO UNA-UNA,2022-08-22 10:18:37.593060,,
7210,72,KABUPATEN SIGI,2022-08-22 10:18:37.593060,,
7211,72,KABUPATEN BANGGAI LAUT,2022-08-22 10:18:37.593060,,
7212,72,KABUPATEN MOROWALI UTARA,2022-08-22 10:18:37.593060,,
7271,72,KOTA PALU,2022-08-22 10:18:37.593060,,
7301,73,KABUPATEN KEPULAUAN SELAYAR,2022-08-22 10:18:37.593060,,
7302,73,KABUPATEN BULUKUMBA,2022-08-22 10:18:37.593060,,
7303,73,KABUPATEN BANTAENG,2022-08-22 10:18:37.593060,,
7304,73,KABUPATEN JENEPONTO,2022-08-22 10:18:37.593060,,
7305,73,KABUPATEN TAKALAR,2022-08-22 10:18:37.593060,,
7306,73,KABUPATEN GOWA,2022-08-22 10:18:37.593060,,
7307,73,KABUPATEN SINJAI,2022-08-22 10:18:37.593060,,
7308,73,KABUPATEN MAROS,2022-08-22 10:18:37.593060,,
7309,73,KABUPATEN PANGKAJENE DAN KEPULAUAN,2022-08-22 10:18:37.593060,,
7310,73,KABUPATEN BARRU,2022-08-22 10:18:37.593060,,
7311,73,KABUPATEN BONE,2022-08-22 10:18:37.593060,,
7312,73,KABUPATEN SOPPENG,2022-08-22 10:18:37.593060,,
7313,73,KABUPATEN WAJO,2022-08-22 10:18:37.593060,,
7314,73,KABUPATEN SIDENRENG RAPPANG,2022-08-22 10:18:37.593060,,
7315,73,KABUPATEN PINRANG,2022-08-22 10:18:37.593060,,
7316,73,KABUPATEN ENREKANG,2022-08-22 10:18:37.593060,,
7317,73,KABUPATEN LUWU,2022-08-22 10:18:37.593060,,
7318,73,KABUPATEN TANA TORAJA,2022-08-22 10:18:37.593060,,
7322,73,KABUPATEN LUWU UTARA,2022-08-22 10:18:37.593060,,
7325,73,KABUPATEN LUWU TIMUR,2022-08-22 10:18:37.593060,,
7326,73,KABUPATEN TORAJA UTARA,2022-08-22 10:18:37.593060,,
7371,73,KOTA MAKASSAR,2022-08-22 10:18:37.593060,,
7372,73,KOTA PAREPARE,2022-08-22 10:18:37.593060,,
7373,73,KOTA PALOPO,2022-08-22 10:18:37.593060,,
7374,73,PAKKASALO,2025-08-05 10:00:37.593060,,
7401,74,KABUPATEN BUTON,2022-08-22 10:18:37.593060,,
7402,74,KABUPATEN MUNA,2022-08-22 10:18:37.593060,,
7403,74,KABUPATEN KONAWE,2022-08-22 10:18:37.593060,,
7404,74,KABUPATEN KOLAKA,2022-08-22 10:18:37.593060,,
7405,74,KABUPATEN KONAWE SELATAN,2022-08-22 10:18:37.593060,,
7406,74,KABUPATEN BOMBANA,2022-08-22 10:18:37.593060,,
7407,74,KABUPATEN WAKATOBI,2022-08-22 10:18:37.593060,,
7408,74,KABUPATEN KOLAKA UTARA,2022-08-22 10:18:37.593060,,
7409,74,KABUPATEN BUTON UTARA,2022-08-22 10:18:37.593060,,
7410,74,KABUPATEN KONAWE UTARA,2022-08-22 10:18:37.593060,,
7411,74,KABUPATEN KOLAKA TIMUR,2022-08-22 10:18:37.593060,,
7412,74,KABUPATEN KONAWE KEPULAUAN,2022-08-22 10:18:37.593060,,
7413,74,KABUPATEN MUNA BARAT,2022-08-22 10:18:37.593060,,
7414,74,KABUPATEN BUTON TENGAH,2022-08-22 10:18:37.593060,,
7415,74,KABUPATEN BUTON SELATAN,2022-08-22 10:18:37.593060,,
7471,74,KOTA KENDARI,2022-08-22 10:18:37.593060,,
7472,74,KOTA BAUBAU,2022-08-22 10:18:37.593060,,
7501,75,KABUPATEN BOALEMO,2022-08-22 10:18:37.593060,,
7502,75,KABUPATEN GORONTALO,2022-08-22 10:18:37.593060,,
7503,75,KABUPATEN POHUWATO,2022-08-22 10:18:37.593060,,
7504,75,KABUPATEN BONE BOLANGO,2022-08-22 10:18:37.593060,,
7505,75,KABUPATEN GORONTALO UTARA,2022-08-22 10:18:37.593060,,
7571,75,KOTA GORONTALO,2022-08-22 10:18:37.593060,,
7601,76,KABUPATEN MAJENE,2022-08-22 10:18:37.593060,,
7602,76,KABUPATEN POLEWALI MANDAR,2022-08-22 10:18:37.593060,,
7603,76,KABUPATEN MAMASA,2022-08-22 10:18:37.593060,,
7604,76,KABUPATEN MAMUJU,2022-08-22 10:18:37.593060,,
7605,76,KABUPATEN MAMUJU UTARA,2022-08-22 10:18:37.593060,,
7606,76,KABUPATEN MAMUJU TENGAH,2022-08-22 10:18:37.593060,,
8101,81,KABUPATEN MALUKU TENGGARA BARAT,2022-08-22 10:18:37.593060,,
8102,81,KABUPATEN MALUKU TENGGARA,2022-08-22 10:18:37.593060,,
8103,81,KABUPATEN MALUKU TENGAH,2022-08-22 10:18:37.593060,,
8104,81,KABUPATEN BURU,2022-08-22 10:18:37.593060,,
8105,81,KABUPATEN KEPULAUAN ARU,2022-08-22 10:18:37.593060,,
8106,81,KABUPATEN SERAM BAGIAN BARAT,2022-08-22 10:18:37.593060,,
8107,81,KABUPATEN SERAM BAGIAN TIMUR,2022-08-22 10:18:37.593060,,
8108,81,KABUPATEN MALUKU BARAT DAYA,2022-08-22 10:18:37.593060,,
8109,81,KABUPATEN BURU SELATAN,2022-08-22 10:18:37.593060,,
8171,81,KOTA AMBON,2022-08-22 10:18:37.593060,,
8172,81,KOTA TUAL,2022-08-22 10:18:37.593060,,
8201,82,KABUPATEN HALMAHERA BARAT,2022-08-22 10:18:37.593060,,
8202,82,KABUPATEN HALMAHERA TENGAH,2022-08-22 10:18:37.593060,,
8203,82,KABUPATEN KEPULAUAN SULA,2022-08-22 10:18:37.593060,,
8204,82,KABUPATEN HALMAHERA SELATAN,2022-08-22 10:18:37.593060,,
8205,82,KABUPATEN HALMAHERA UTARA,2022-08-22 10:18:37.593060,,
8206,82,KABUPATEN HALMAHERA TIMUR,2022-08-22 10:18:37.593060,,
8207,82,KABUPATEN PULAU MOROTAI,2022-08-22 10:18:37.593060,,
8208,82,KABUPATEN PULAU TALIABU,2022-08-22 10:18:37.593060,,
8271,82,KOTA TERNATE,2022-08-22 10:18:37.593060,,
8272,82,KOTA TIDORE KEPULAUAN,2022-08-22 10:18:37.593060,,
9101,91,KABUPATEN FAKFAK,2022-08-22 10:18:37.593060,,
9102,91,KABUPATEN KAIMANA,2022-08-22 10:18:37.593060,,
9103,91,KABUPATEN TELUK WONDAMA,2022-08-22 10:18:37.593060,,
9104,91,KABUPATEN TELUK BINTUNI,2022-08-22 10:18:37.593060,,
9105,91,KABUPATEN MANOKWARI,2022-08-22 10:18:37.593060,,
9106,91,KABUPATEN SORONG SELATAN,2022-08-22 10:18:37.593060,,
9107,91,KABUPATEN SORONG,2022-08-22 10:18:37.593060,,
9108,91,KABUPATEN RAJA AMPAT,2022-08-22 10:18:37.593060,,
9109,91,KABUPATEN TAMBRAUW,2022-08-22 10:18:37.593060,,
9110,91,KABUPATEN MAYBRAT,2022-08-22 10:18:37.593060,,
9111,91,KABUPATEN MANOKWARI SELATAN,2022-08-22 10:18:37.593060,,
9112,91,KABUPATEN PEGUNUNGAN ARFAK,2022-08-22 10:18:37.593060,,
9171,91,KOTA SORONG,2022-08-22 10:18:37.593060,,
9401,94,KABUPATEN MERAUKE,2022-08-22 10:18:37.593060,,
9402,94,KABUPATEN JAYAWIJAYA,2022-08-22 10:18:37.593060,,
9403,94,KABUPATEN JAYAPURA,2022-08-22 10:18:37.593060,,
9404,94,KABUPATEN NABIRE,2022-08-22 10:18:37.593060,,
9408,94,KABUPATEN KEPULAUAN YAPEN,2022-08-22 10:18:37.593060,,
9409,94,KABUPATEN BIAK NUMFOR,2022-08-22 10:18:37.593060,,
9410,94,KABUPATEN PANIAI,2022-08-22 10:18:37.593060,,
9411,94,KABUPATEN PUNCAK JAYA,2022-08-22 10:18:37.593060,,
9412,94,KABUPATEN MIMIKA,2022-08-22 10:18:37.593060,,
9413,94,KABUPATEN BOVEN DIGOEL,2022-08-22 10:18:37.593060,,
9414,94,KABUPATEN MAPPI,2022-08-22 10:18:37.593060,,
9415,94,KABUPATEN ASMAT,2022-08-22 10:18:37.593060,,
9416,94,KABUPATEN YAHUKIMO,2022-08-22 10:18:37.593060,,
9417,94,KABUPATEN PEGUNUNGAN BINTANG,2022-08-22 10:18:37.593060,,
9418,94,KABUPATEN TOLIKARA,2022-08-22 10:18:37.593060,,
9419,94,KABUPATEN SARMI,2022-08-22 10:18:37.593060,,
9420,94,KABUPATEN KEEROM,2022-08-22 10:18:37.593060,,
9426,94,KABUPATEN WAROPEN,2022-08-22 10:18:37.593060,,
9427,94,KABUPATEN SUPIORI,2022-08-22 10:18:37.593060,,
9428,94,KABUPATEN MAMBERAMO RAYA,2022-08-22 10:18:37.593060,,
9429,94,KABUPATEN NDUGA,2022-08-22 10:18:37.593060,,
9430,94,KABUPATEN LANNY JAYA,2022-08-22 10:18:37.593060,,
9431,94,KABUPATEN MAMBERAMO TENGAH,2022-08-22 10:18:37.593060,,
9432,94,KABUPATEN YALIMO,2022-08-22 10:18:37.593060,,
9433,94,KABUPATEN PUNCAK,2022-08-22 10:18:37.593060,,
9434,94,KABUPATEN DOGIYAI,2022-08-22 10:18:37.593060,,
9435,94,KABUPATEN INTAN JAYA,2022-08-22 10:18:37.593060,,
9436,94,KABUPATEN DEIYAI,2022-08-22 10:18:37.593060,,
9471,94,KOTA JAYAPURA,2022-08-22 10:18:37.593060,,
9999,99,Lainnya,2022-11-09 20:26:44.000000,,
